name,url
BLAST Open Porto 2026,https://www.hltv.org/stats/players/11893/zywoo?event=8249
Esports World Cup 2026,https://www.hltv.org/stats/players/11893/zywoo?event=8261
BLAST Bounty 2026 Season 2,https://www.hltv.org/stats/players/11893/zywoo?event=9154
IEM Cologne Major 2026,https://www.hltv.org/stats/players/11893/zywoo?event=8301
IEM Atlanta 2026,https://www.hltv.org/stats/players/11893/zywoo?event=8243
BLAST Rivals 2026 Season 1,https://www.hltv.org/stats/players/11893/zywoo?event=8250
IEM Rio 2026,https://www.hltv.org/stats/players/11893/zywoo?event=8242
BLAST Open Rotterdam 2026,https://www.hltv.org/stats/players/11893/zywoo?event=8248
PGL Cluj-Napoca 2026,https://www.hltv.org/stats/players/11893/zywoo?event=8047
IEM Kraków 2026,https://www.hltv.org/stats/players/11893/zywoo?event=8240
BLAST Bounty 2026 Season 1 Finals,https://www.hltv.org/stats/players/11893/zywoo?event=8246
BLAST Bounty 2026 Season 1,https://www.hltv.org/stats/players/11893/zywoo?event=8876
StarLadder Budapest Major 2025,https://www.hltv.org/stats/players/11893/zywoo?event=8042
BLAST Rivals 2025 Season 2,https://www.hltv.org/stats/players/11893/zywoo?event=7908
IEM Chengdu 2025,https://www.hltv.org/stats/players/11893/zywoo?event=8041
ESL Pro League Season 22,https://www.hltv.org/stats/players/11893/zywoo?event=8040
BLAST Open London 2025 Finals,https://www.hltv.org/stats/players/11893/zywoo?event=7912
BLAST Open London 2025,https://www.hltv.org/stats/players/11893/zywoo?event=7907
Esports World Cup 2025,https://www.hltv.org/stats/players/11893/zywoo?event=8039
BLAST Bounty 2025 Season 2 Finals,https://www.hltv.org/stats/players/11893/zywoo?event=7910
BLAST Bounty 2025 Season 2,https://www.hltv.org/stats/players/11893/zywoo?event=7906
IEM Cologne 2025,https://www.hltv.org/stats/players/11893/zywoo?event=8038
BLAST.tv Austin Major 2025,https://www.hltv.org/stats/players/11893/zywoo?event=7902
IEM Dallas 2025,https://www.hltv.org/stats/players/11893/zywoo?event=8037
BLAST Rivals 2025 Season 1,https://www.hltv.org/stats/players/11893/zywoo?event=7905
IEM Melbourne 2025,https://www.hltv.org/stats/players/11893/zywoo?event=8036
BLAST Open Lisbon 2025,https://www.hltv.org/stats/players/11893/zywoo?event=7904
ESL Pro League Season 21,https://www.hltv.org/stats/players/11893/zywoo?event=8292
IEM Katowice 2025,https://www.hltv.org/stats/players/11893/zywoo?event=8034
BLAST Bounty 2025 Season 1 Finals,https://www.hltv.org/stats/players/11893/zywoo?event=7909
BLAST Bounty 2025 Season 1,https://www.hltv.org/stats/players/11893/zywoo?event=7903
Perfect World Shanghai Major 2024,https://www.hltv.org/stats/players/11893/zywoo?event=7524
Perfect World Shanghai Major 2024 Europe RMR A,https://www.hltv.org/stats/players/11893/zywoo?event=7864
BLAST Premier World Final 2024,https://www.hltv.org/stats/players/11893/zywoo?event=7557
IEM Rio 2024,https://www.hltv.org/stats/players/11893/zywoo?event=7439
BLAST Premier Fall Final 2024,https://www.hltv.org/stats/players/11893/zywoo?event=7556
ESL Pro League Season 20,https://www.hltv.org/stats/players/11893/zywoo?event=7441
IEM Cologne 2024,https://www.hltv.org/stats/players/11893/zywoo?event=7436
BLAST Premier Fall Groups 2024,https://www.hltv.org/stats/players/11893/zywoo?event=7554
Esports World Cup 2024,https://www.hltv.org/stats/players/11893/zywoo?event=7732
BLAST Premier Spring Final 2024,https://www.hltv.org/stats/players/11893/zywoo?event=7485
IEM Dallas 2024,https://www.hltv.org/stats/players/11893/zywoo?event=7438
ESL Pro League Season 19,https://www.hltv.org/stats/players/11893/zywoo?event=7440
PGL CS2 Major Copenhagen 2024,https://www.hltv.org/stats/players/11893/zywoo?event=7148
PGL CS2 Major Copenhagen 2024 Europe RMR B,https://www.hltv.org/stats/players/11893/zywoo?event=7577
IEM Katowice 2024,https://www.hltv.org/stats/players/11893/zywoo?event=7435
BLAST Premier Spring Groups 2024,https://www.hltv.org/stats/players/11893/zywoo?event=7552
BLAST Premier World Final 2023,https://www.hltv.org/stats/players/11893/zywoo?event=6976
BLAST Premier Fall Final 2023,https://www.hltv.org/stats/players/11893/zywoo?event=6975
IEM Sydney 2023,https://www.hltv.org/stats/players/11893/zywoo?event=6865
ESL Pro League Season 18,https://www.hltv.org/stats/players/11893/zywoo?event=6863
Gamers8 2023,https://www.hltv.org/stats/players/11893/zywoo?event=7128
IEM Cologne 2023,https://www.hltv.org/stats/players/11893/zywoo?event=6811
BLAST Premier Fall Groups 2023,https://www.hltv.org/stats/players/11893/zywoo?event=6973
BLAST Premier Spring Final 2023,https://www.hltv.org/stats/players/11893/zywoo?event=6972
BLAST.tv Paris Major 2023,https://www.hltv.org/stats/players/11893/zywoo?event=6793
IEM Rio 2023,https://www.hltv.org/stats/players/11893/zywoo?event=6864
BLAST.tv Paris Major 2023 Europe RMR B,https://www.hltv.org/stats/players/11893/zywoo?event=6978
ESL Pro League Season 17,https://www.hltv.org/stats/players/11893/zywoo?event=6862
IEM Katowice 2023,https://www.hltv.org/stats/players/11893/zywoo?event=6809
BLAST Premier Spring Groups 2023,https://www.hltv.org/stats/players/11893/zywoo?event=6970
Born To Be Brave 2022 - NAVI United24 Charity Event,https://www.hltv.org/stats/players/11893/zywoo?event=6959
BLAST Premier World Final 2022,https://www.hltv.org/stats/players/11893/zywoo?event=6349
La Coupe 3 Paris 2022,https://www.hltv.org/stats/players/11893/zywoo?event=6892
IEM Rio Major 2022,https://www.hltv.org/stats/players/11893/zywoo?event=6586
IEM Rio Major 2022 Challengers Stage,https://www.hltv.org/stats/players/11893/zywoo?event=6588
BLAST Premier Fall Showdown 2022 Europe,https://www.hltv.org/stats/players/11893/zywoo?event=6347
IEM Road to Rio 2022 Europe RMR B,https://www.hltv.org/stats/players/11893/zywoo?event=6714
ESL Pro League Season 16,https://www.hltv.org/stats/players/11893/zywoo?event=6141
BLAST Premier Fall Groups 2022,https://www.hltv.org/stats/players/11893/zywoo?event=6346
IEM Cologne 2022,https://www.hltv.org/stats/players/11893/zywoo?event=6140
IEM Cologne 2022 Play-in,https://www.hltv.org/stats/players/11893/zywoo?event=6503
BLAST Premier Spring Final 2022,https://www.hltv.org/stats/players/11893/zywoo?event=6345
IEM Dallas 2022,https://www.hltv.org/stats/players/11893/zywoo?event=6138
PGL Major Antwerp 2022,https://www.hltv.org/stats/players/11893/zywoo?event=6372
PGL Major Antwerp 2022 Challengers Stage,https://www.hltv.org/stats/players/11893/zywoo?event=6384
PGL Major Antwerp 2022 Europe RMR A,https://www.hltv.org/stats/players/11893/zywoo?event=6381
Pinnacle Cup III,https://www.hltv.org/stats/players/11893/zywoo?event=6440
ESL Pro League Season 15,https://www.hltv.org/stats/players/11893/zywoo?event=6137
IEM Katowice 2022,https://www.hltv.org/stats/players/11893/zywoo?event=6136
BLAST Premier Spring Groups 2022,https://www.hltv.org/stats/players/11893/zywoo?event=6343
BLAST Premier World Final 2021,https://www.hltv.org/stats/players/11893/zywoo?event=5608
IEM Winter 2021,https://www.hltv.org/stats/players/11893/zywoo?event=5730
BLAST Premier Fall Final 2021,https://www.hltv.org/stats/players/11893/zywoo?event=5607
PGL Major Stockholm 2021,https://www.hltv.org/stats/players/11893/zywoo?event=4866
IEM Fall 2021 Europe,https://www.hltv.org/stats/players/11893/zywoo?event=5729
BLAST Premier Fall Groups 2021,https://www.hltv.org/stats/players/11893/zywoo?event=5605
ESL Pro League Season 14,https://www.hltv.org/stats/players/11893/zywoo?event=5554
IEM Cologne 2021,https://www.hltv.org/stats/players/11893/zywoo?event=5469
IEM Cologne 2021 Play-in,https://www.hltv.org/stats/players/11893/zywoo?event=5898
IEM Summer 2021,https://www.hltv.org/stats/players/11893/zywoo?event=5219
Flashpoint 3,https://www.hltv.org/stats/players/11893/zywoo?event=5864
DreamHack Masters Spring 2021,https://www.hltv.org/stats/players/11893/zywoo?event=5728
BLAST Premier Spring Showdown 2021,https://www.hltv.org/stats/players/11893/zywoo?event=5603
ESL Pro League Season 13,https://www.hltv.org/stats/players/11893/zywoo?event=5553
IEM Katowice 2021,https://www.hltv.org/stats/players/11893/zywoo?event=5552
BLAST Premier Spring Groups 2021,https://www.hltv.org/stats/players/11893/zywoo?event=5602
BLAST Premier Global Final 2020,https://www.hltv.org/stats/players/11893/zywoo?event=5206
IEM Global Challenge 2020,https://www.hltv.org/stats/players/11893/zywoo?event=5528
BLAST Premier Fall 2020 Finals,https://www.hltv.org/stats/players/11893/zywoo?event=5209
IEM Beijing-Haidian 2020 Europe,https://www.hltv.org/stats/players/11893/zywoo?event=5524
BLAST Premier Fall Series 2020,https://www.hltv.org/stats/players/11893/zywoo?event=5207
DreamHack Open Fall 2020,https://www.hltv.org/stats/players/11893/zywoo?event=5506
IEM New York 2020 Europe,https://www.hltv.org/stats/players/11893/zywoo?event=5463
ESL Pro League Season 12 Europe,https://www.hltv.org/stats/players/11893/zywoo?event=5372
ESL One Cologne 2020 Europe,https://www.hltv.org/stats/players/11893/zywoo?event=4939
cs_summit 6 Europe,https://www.hltv.org/stats/players/11893/zywoo?event=5338
BLAST Premier Spring 2020 Europe Finals,https://www.hltv.org/stats/players/11893/zywoo?event=5202
BLAST Premier Spring 2020 Europe Showdown,https://www.hltv.org/stats/players/11893/zywoo?event=5205
DreamHack Masters Spring 2020 - Europe,https://www.hltv.org/stats/players/11893/zywoo?event=5285
ESL One: Road to Rio - Europe,https://www.hltv.org/stats/players/11893/zywoo?event=5277
ESL Pro League Season 11 Europe,https://www.hltv.org/stats/players/11893/zywoo?event=5226
IEM Katowice 2020,https://www.hltv.org/stats/players/11893/zywoo?event=4901
BLAST Premier Spring Series 2020,https://www.hltv.org/stats/players/11893/zywoo?event=5138
EPICENTER 2019,https://www.hltv.org/stats/players/11893/zywoo?event=4979
IEM Beijing 2019,https://www.hltv.org/stats/players/11893/zywoo?event=4837
StarSeries i-League Season 8,https://www.hltv.org/stats/players/11893/zywoo?event=4932
ESL Pro League Season 10 Europe,https://www.hltv.org/stats/players/11893/zywoo?event=4699
DreamHack Masters Malmö 2019,https://www.hltv.org/stats/players/11893/zywoo?event=4553
StarLadder Major Berlin 2019,https://www.hltv.org/stats/players/11893/zywoo?event=4443
StarLadder Major 2019 Challengers Stage,https://www.hltv.org/stats/players/11893/zywoo?event=4450
IEM Chicago 2019,https://www.hltv.org/stats/players/11893/zywoo?event=4574
ESEA Season 31 Global Challenge,https://www.hltv.org/stats/players/11893/zywoo?event=4504
ESEA MDL Season 31 Europe Finals,https://www.hltv.org/stats/players/11893/zywoo?event=4692
ESL One Cologne 2019,https://www.hltv.org/stats/players/11893/zywoo?event=4281
ECS Season 7 Finals,https://www.hltv.org/stats/players/11893/zywoo?event=4411
DreamHack Masters Dallas 2019,https://www.hltv.org/stats/players/11893/zywoo?event=4177
cs_summit 4,https://www.hltv.org/stats/players/11893/zywoo?event=4566
ESL One Cologne 2019 Europe Closed Qualifier,https://www.hltv.org/stats/players/11893/zywoo?event=4550
ESEA MDL Season 31 Europe,https://www.hltv.org/stats/players/11893/zywoo?event=4501
ECS Season 7 Europe Week 3,https://www.hltv.org/stats/players/11893/zywoo?event=4414
Charleroi Esports,https://www.hltv.org/stats/players/11893/zywoo?event=4317
StarSeries i-League Season 7,https://www.hltv.org/stats/players/11893/zywoo?event=4240
ECS Season 7 Europe Week 2,https://www.hltv.org/stats/players/11893/zywoo?event=4413
ECS Season 7 Europe Pinnacle Cup,https://www.hltv.org/stats/players/11893/zywoo?event=4423
IEM Katowice 2019,https://www.hltv.org/stats/players/11893/zywoo?event=3883
IEM Katowice 2019 Challengers Stage,https://www.hltv.org/stats/players/11893/zywoo?event=3884
WePlay! Lock and Load,https://www.hltv.org/stats/players/11893/zywoo?event=4349
Europe Minor - IEM Katowice 2019,https://www.hltv.org/stats/players/11893/zywoo?event=4208
ESEA MDL Season 30 Europe,https://www.hltv.org/stats/players/11893/zywoo?event=4287
ESEA MDL Season 29 Europe Relegation,https://www.hltv.org/stats/players/11893/zywoo?event=4227
WESG 2018 North-West Europe,https://www.hltv.org/stats/players/11893/zywoo?event=4294
Europe Minor Closed Qualifier - IEM Katowice 2019,https://www.hltv.org/stats/players/11893/zywoo?event=4125
LOOT.BET Cup #3 Finals,https://www.hltv.org/stats/players/11893/zywoo?event=4221
StarSeries i-League Season 7 Europe Qualifier,https://www.hltv.org/stats/players/11893/zywoo?event=4291
Europe Minor Open Qualifier 4 - IEM Katowice 2019,https://www.hltv.org/stats/players/11893/zywoo?event=4124
DreamHack Open Atlanta 2018,https://www.hltv.org/stats/players/11893/zywoo?event=3429
WESG 2018 North-West Europe Qualifier 1,https://www.hltv.org/stats/players/11893/zywoo?event=4239
Europe Minor Open Qualifier 3 - IEM Katowice 2019,https://www.hltv.org/stats/players/11893/zywoo?event=4123
LOOT.BET Cup #3,https://www.hltv.org/stats/players/11893/zywoo?event=4203
DreamHack Open Winter 2018 Europe Open Qualifier,https://www.hltv.org/stats/players/11893/zywoo?event=4173
Europe Minor Open Qualifier 1 - IEM Katowice 2019,https://www.hltv.org/stats/players/11893/zywoo?event=4121
DreamHack Open Atlanta 2018 Europe Closed Qualifier,https://www.hltv.org/stats/players/11893/zywoo?event=4170
GG.BET Shuffle - IEM Chicago Qualifier,https://www.hltv.org/stats/players/11893/zywoo?event=4046
FACEIT Major 2018 Showmatch,https://www.hltv.org/stats/players/11893/zywoo?event=4088
ESEA MDL Season 28 Europe Relegation,https://www.hltv.org/stats/players/11893/zywoo?event=3898
EPICENTER 2018 Europe Open Qualifier #3,https://www.hltv.org/stats/players/11893/zywoo?event=4007
CBE 2018 Closed Qualifier,https://www.hltv.org/stats/players/11893/zywoo?event=3945
ESEA Advanced Season 28 Europe,https://www.hltv.org/stats/players/11893/zywoo?event=3910
StarSeries i-League Season 6 Europe Qualifier,https://www.hltv.org/stats/players/11893/zywoo?event=3893
CBE 2018 Europe Open Qualifier #3,https://www.hltv.org/stats/players/11893/zywoo?event=3881
ESL National Championship France Summer 2018,https://www.hltv.org/stats/players/11893/zywoo?event=3855
DreamHack Open Valencia 2018 Europe Closed Qualifier,https://www.hltv.org/stats/players/11893/zywoo?event=3745
ESL One Cologne 2018 Europe Open Qualifier,https://www.hltv.org/stats/players/11893/zywoo?event=3705
DreamHack Open Summer 2018 Europe Closed Qualifier,https://www.hltv.org/stats/players/11893/zywoo?event=3726
StarSeries i-League Season 5 Europe Qualifier,https://www.hltv.org/stats/players/11893/zywoo?event=3695
DreamHack Open Tours 2018 Europe Open Qualifier,https://www.hltv.org/stats/players/11893/zywoo?event=3662
ECS Season 5 Europe Closed Qualifier,https://www.hltv.org/stats/players/11893/zywoo?event=3524
ECS Season 5 Europe Qualifier #4,https://www.hltv.org/stats/players/11893/zywoo?event=3523
ESEA MDL Season 27 Europe,https://www.hltv.org/stats/players/11893/zywoo?event=3469
ESL National Championship France Winter 2017,https://www.hltv.org/stats/players/11893/zywoo?event=3448
DaddySkins Western League,https://www.hltv.org/stats/players/11893/zywoo?event=3356
Nations Elite Esports Cup European Qualifier,https://www.hltv.org/stats/players/11893/zywoo?event=3369
DreamHack Open Winter 2017 Europe Closed Qualifier,https://www.hltv.org/stats/players/11893/zywoo?event=3272
DreamHack Open Winter 2017 Europe Open Qualifier,https://www.hltv.org/stats/players/11893/zywoo?event=3271
ESWC 2017,https://www.hltv.org/stats/players/11893/zywoo?event=3232
ESWC 2017 Qualifier #2,https://www.hltv.org/stats/players/11893/zywoo?event=3306
X-BET.co Invitational,https://www.hltv.org/stats/players/11893/zywoo?event=3290
ESEA MDL Season 26 Europe,https://www.hltv.org/stats/players/11893/zywoo?event=3047
DreamHack Open Denver 2017 Europe Closed Qualifier,https://www.hltv.org/stats/players/11893/zywoo?event=3199
DreamHack Open Denver 2017 Europe Open Qualifier,https://www.hltv.org/stats/players/11893/zywoo?event=3197
iiyama CS:GO HomeMasters #3,https://www.hltv.org/stats/players/11893/zywoo?event=3073
CBE 2017 Europe Closed Qualifier,https://www.hltv.org/stats/players/11893/zywoo?event=3029
CBE 2017 Europe Open Qualifier #3,https://www.hltv.org/stats/players/11893/zywoo?event=3027
ROG MASTERS 2017 France Qualifier,https://www.hltv.org/stats/players/11893/zywoo?event=2999
DreamHack Masters Malmö 2017 Europe Open Qualifier,https://www.hltv.org/stats/players/11893/zywoo?event=2899
ESL National Championship France Summer 2017,https://www.hltv.org/stats/players/11893/zywoo?event=2940
DreamHack Open Valencia 2017 Europe Closed Qualifier,https://www.hltv.org/stats/players/11893/zywoo?event=2946
DreamHack Open Valencia 2017 Europe Open Qualifier,https://www.hltv.org/stats/players/11893/zywoo?event=2944
ESEA MDL Season 25 Europe,https://www.hltv.org/stats/players/11893/zywoo?event=2879
Europe Minor Qualifier 4 - PGL Major Krakow 2017,https://www.hltv.org/stats/players/11893/zywoo?event=2821
Europe Minor Qualifier 2 - PGL Major Krakow 2017,https://www.hltv.org/stats/players/11893/zywoo?event=2819
UnderDogs #5,https://www.hltv.org/stats/players/11893/zywoo?event=2840
ESEA Main Season 24 Europe,https://www.hltv.org/stats/players/11893/zywoo?event=2782
Epsilan 14,https://www.hltv.org/stats/players/11893/zywoo?event=2707
Pasino Gaming Days 2017 by LanEx,https://www.hltv.org/stats/players/11893/zywoo?event=2689
Dolphin CS Shoot 'Em Up 2,https://www.hltv.org/stats/players/11893/zywoo?event=2645
DreamHack Masters Las Vegas 2017 Europe Open Qualifier,https://www.hltv.org/stats/players/11893/zywoo?event=2619
ECS Season 2 EU Development League Open Qualifier #4,https://www.hltv.org/stats/players/11893/zywoo?event=2384
ECS Season 2 EU Development League Open Qualifier #3,https://www.hltv.org/stats/players/11893/zywoo?event=2383
Showmatch CS,https://www.hltv.org/stats/players/11893/zywoo?event=1040